sample_id,target
ID1001187975__Dry_Clover_g,7.893603
ID1001187975__Dry_Dead_g,12.304406
ID1001187975__Dry_Green_g,22.664375
ID1001187975__Dry_Total_g,44.47816
ID1001187975__GDM_g,26.902075
