sample_id,target
ID1001187975__Dry_Clover_g,6.647441
ID1001187975__Dry_Dead_g,12.059647
ID1001187975__Dry_Green_g,26.672184
ID1001187975__Dry_Total_g,45.283833
ID1001187975__GDM_g,33.30468
